a,b,c
54.38225580141277,41.11769603480827,68.17693652006652
67.18927613762597,78.14417740092028,103.05780557320563
35.014228093478344,58.07914791264003,67.81728091895492
77.14790090008623,65.99944370325196,101.52696775944926
1.1400488373092796,44.940110556430454,44.954568713042306
18.73789541547787,11.744441398090885,22.114263007266995
72.39354578530497,47.39385555437732,86.52746971729977
72.15529554217875,28.56199845017225,77.60267025203967
40.51031754564025,9.55670934047519,41.62230797381296
71.81832718010322,35.49679903327723,80.11176480740656
53.918726861094456,56.82372418573662,78.33367562331017
49.87229206880664,91.0406214483378,103.80578148588786
91.79058103641123,20.260653938160402,94.0000258776766
97.88890701378358,71.85544024984932,121.4308132635734
80.84634829617696,57.07634212939016,98.96383614077394
28.05408159047986,19.642776271733936,34.2471919074644
25.620264172976597,95.69129505586102,99.06170746439291
21.980042859793766,18.8174433872681,28.934727573478394
38.74273641847565,27.484979466688912,47.501828611915464
27.470386433173054,85.15770686144893,89.47880848943132
53.664376564062145,86.1442512714096,101.49235113603989
41.51913727417389,82.09490293302791,91.99680346389744
39.51920958853139,60.16648873018351,71.984542039396
82.13707637456189,44.02697510929265,93.19267059503599
26.433105017858196,51.937140125105046,58.27671546389619
7.735641716033926,59.85727882519797,60.3550659109601
65.37560592381305,56.94029670729299,86.69583172806095
89.23518680587381,50.75022624707363,102.65721615360683
39.847321542027544,99.13932818052803,106.84762714333047
38.208261332367684,77.06646718986711,86.01808879049433
82.34156240938736,45.24511087710109,93.95346166214529
38.62650979959475,99.9628767677312,107.16615133044017
19.458581936798524,76.20236810308228,78.64755123656904
39.44368473239084,73.35618120180769,83.28825598954924
33.886702136897334,92.33533724721242,98.35712016052146
3.323597032418611,41.52376992025173,41.656569297337775
41.90751644639351,77.04560453901279,87.70555919374034
98.37412872923171,35.327027748042134,104.52496396912267
17.25666243270446,40.58786614099356,44.104050564494926
35.392346189030825,20.837010726657333,41.07066087594693
15.336681757893256,33.02618455246637,36.41349575962824
28.4417245365598,21.73290115656839,35.79456225873868
2.2389204293889455,84.50089123924093,84.53054705202824
68.14198292227421,28.498656324447627,73.86137860125878
34.01658703672033,47.446495191722875,58.380631202522565
38.243621250718654,57.70527112267508,69.22768869253008
7.040366554581728,73.01709212203802,73.35572576957479
25.833234435919174,85.62780144435206,89.43979193633302
50.59303239050997,1.0113723567080097,50.603140223815195
47.27164321347714,38.33346936264805,60.86101482459323
96.84535962142482,13.109610998540258,97.72863234864258
62.952753063180914,93.85021239873737,113.00845758403196
4.732891531400682,62.05289379844167,62.23312535144515
71.69151554691553,52.63728934085018,88.9401913117237
86.45780295429222,65.16848688566787,108.2676469433537
50.348939227885424,25.472340043774942,56.425666045506276
59.19151339067641,5.083551309242342,59.40940793672602
28.896692489076347,66.03984752491655,72.08522940188557
93.02544095793928,24.070852687596286,96.08922215590574
29.497181569360272,15.231628176337612,33.197683916773606
56.74330580147725,49.52278456300248,75.31473258369519
36.5227539723688,18.92143255063253,41.13310306182014
41.3182652193307,43.799403747361275,60.2128458832442
10.913191496409471,38.50051043375347,40.017334397694
77.89281483701693,13.559047724445167,79.06414091373905
64.1010725176887,54.88435831230719,84.38744151395817
97.71550579153578,69.96303459374634,120.17964171048858
66.40485977991646,30.46756792882635,73.06078358386266
65.15075867382903,82.28197799688621,104.95210935877171
80.77852838650745,9.638396058946633,81.35151705333409
60.21540629027982,38.64549346114826,71.54976813071531
92.97624066535826,13.485007865164123,93.9490647392839
77.049309277387,11.804656467462477,77.94835453322436
47.37030842578466,37.34595115272878,60.32135764267884
35.21110667020477,57.20869580732619,67.17631211160464
7.364555108232269,25.578683827881395,26.61777109956638
49.1307165666067,56.8701444431652,75.15344728842926
57.801768494090275,36.28261770477757,68.24567963289284
22.289866484220177,64.50636697586478,68.24887931907234
82.00737574343111,87.26156863413206,119.74886653665509
56.832420884890254,96.74554334997096,112.20349469476618
30.372024917854564,73.96098914489211,79.9542857694422
45.47087524268377,10.257811152012824,46.61355151633557
29.300421532789112,33.194342638847,44.27616836656383
90.02781376753455,87.64631573412716,125.64586707698821
4.909487132608314,79.3310647628268,79.4828339977197
61.239751454664145,39.63074944198169,72.94452316358077
57.35763879242495,45.48299240725467,73.20246803326154
11.041347020467043,73.04048315968501,73.87031558228654
45.672049404683726,10.71707115000239,46.91259650518275
8.65938673241991,35.667799785684494,36.703908785486114
3.1032642892748328,45.38892014849371,45.49488236599175
33.13445439839722,23.761324682199824,40.7736755631913
88.03182339465536,14.031147514340526,89.14300326305467
92.19814102103982,96.53560453968788,133.4901500170651
15.553531575871741,71.08992788253548,72.77149298197567
90.36657320352103,47.72929579084206,102.19688463567282
98.95284974410579,94.57007269337599,136.87645934093268
2.5406375527179845,67.31911705785953,67.36704209495971
11.920729808746444,90.39540581323016,91.17803020087514
36.959922439149196,44.32186024510015,57.710165155664846
6.725685177228627,14.222870258575998,15.73292342495439
79.84485732487786,9.429195604767013,80.39969509260007
33.99790381330353,68.83686236456732,76.77480761224363
36.05109368839945,10.711027379577589,37.60860890349197
7.2610552720331745,3.3750571372927824,8.00711773008938
3.4000408937966657,29.306312443031594,29.50288506380483
41.57411482258717,1.261339183466666,41.59324464161711
50.21617318476086,35.6885009756065,61.60627525835142
62.578220742825884,32.687406724141425,70.60099340439403
3.6234925538755487,43.794157031034274,43.943803753736205
37.83767811570154,22.530394858184255,44.037581423746865
38.22872614602073,26.91801583385998,46.75484016847224
48.68975618449996,85.6729769658678,98.5421297694553
11.359169057287417,85.8322282058361,86.58061053406105
0.15738494941299136,43.26757271105979,43.26785895245046
72.93324898654085,32.043651723912184,79.66212665712698
61.26024930173123,6.9759101208117515,61.65615513899569
24.184577897418492,50.787072388323,56.25140469226581
49.93619695165598,62.207959969580656,79.77126079968603
48.8456002161559,51.812515491549526,71.20694784948017
82.3233056542825,41.45116401286155,92.17009087480369
60.932515198059086,51.40401505896873,79.7191581274187
85.27017354715514,77.49844568588641,115.22591540313421
42.25153429663201,5.65763486118367,42.6286404033949
46.906484466973694,92.86784917169203,104.04160559519727
92.02957362146006,99.43365952480741,135.4861434518049
6.111783805865244,13.425418874698027,14.751127863683328
16.440015239301736,14.441808090092989,21.882411246924974
15.320931778617087,73.6611304589099,75.23757765272339
8.643989230706715,3.3854299898443765,9.283301462126033
32.03304241745085,95.87295115414535,101.08283024096302
61.43403623235953,5.124752003118538,61.64741593037239
60.553562268055664,21.292623938294287,64.18808096156884
38.787844391342354,9.322673914681605,39.89246948292965
8.332235801385991,62.17932254321343,62.73511222101119
77.0658521275387,92.3719876705839,120.29850236124375
6.913098182793667,54.445612072583536,54.882744104528875
59.497293629505876,77.37895239504039,97.60855609519878
36.68052602540023,64.00633193387138,73.77175284029103
3.4088812253868146,28.24171276395594,28.446701233193746
61.186536059669656,57.895500579557925,84.23586636545532
92.56355624175359,11.221816831526326,93.2413058527207
2.432426421996943,94.90392513380141,94.93509205820897
5.825363368401542,93.97660110521528,94.15697750917168
64.28428753189293,86.51770448670577,107.78581916528738
69.27185436169268,14.72824824600721,70.82027324928629
15.483784901202045,72.85014608144593,74.47745550805763
39.043630707161896,97.49259299017343,105.02004945125883
89.73777833271983,39.60920551078924,98.09056030673031
88.2728476175015,29.810201626605718,93.17050900108643
83.62795792205245,42.06812162578259,93.61283140325482
41.674920217552376,24.370188175429693,48.27737613877963
22.59790794240515,92.33696161135947,95.06197937656827
94.78000546711769,51.963461170553224,108.09001218045287
19.59313118561213,67.30868642865457,70.10242548163048
30.888607751773048,67.36199496977538,74.10630509714365
57.792181263282764,85.95013607427951,103.57297961512596
45.28753263261569,36.04052384877074,57.87814761413882
81.50101071204386,11.402863472405734,82.2948360619001
75.74703765281616,67.87897317677559,101.71120249368094
35.55886560216128,18.589244040912792,40.12471703233782
2.705001647109407,68.49297424137842,68.54636791501788
94.27919105213846,79.05182297375462,123.03559070821525
53.363190473510286,27.55966527718821,60.059680715957796
66.23655769183576,4.209387159220307,66.37017790483988
55.51902341526385,11.281590465446454,56.65365164236696
96.5351554370224,8.738521845573187,96.92986123633746
11.607084369133712,30.091056082692134,32.25207068893269
87.60969538699887,54.7855172890045,103.32914221276852
60.412973036220016,17.467453202794704,62.88751253203508
79.79869297883387,24.624647502804173,83.51170376520616
63.248651886815935,51.51592554782446,81.57378592751851
19.659847834106777,85.48695406957573,87.71846403667807
5.580870962766079,9.784077706671743,11.263849132212158
73.49595666594658,64.80978677849029,97.98961224801369
27.247231114065173,34.18822358764746,43.7178022716405
11.06364782718168,63.47925769501871,64.43617354215327
15.06162014337005,13.968675577256517,20.542061696086233
26.54187973653071,39.09829995023987,47.25620000536846
82.06532008156896,53.471173470972346,97.94836983050398
11.40281156663002,42.5046394513079,44.007595781975546
62.81909315100643,58.67360168695977,85.95830384107653
9.607978436664446,26.220606914885085,27.925498681748344
31.772309063068757,57.734990451731676,65.89999048300925
14.613832885438788,25.919612832577617,29.755511102890743
10.46901638847865,47.31012693301733,48.45460158292963
23.238586470986952,38.66595676875193,45.111950900094435
41.66929564624714,60.56675216551465,73.51640407101821
98.73145978667475,11.062312521325229,99.34926225154992
16.206787262891712,25.81409247618873,30.479949536602792
92.07271694589448,27.037754855428226,95.96054081455064
40.80498258265145,3.459728871726434,40.95138981080307
86.97327131646753,63.03882274746497,107.41621431084872
82.23138413620423,68.06604588437064,106.74730506804015
88.33962898542416,85.18056074811936,122.71763515748844
52.528553132576306,17.816192951853836,55.46769893820708
40.261635545880544,98.36773116095274,106.28833346413325
83.77252049725257,11.941098292525336,84.61929460172989
9.801511441301637,37.47941850451989,38.73985593637275
42.75727607077508,54.06577679760747,68.92962264310741
85.50799773480666,56.07172145362943,102.25290031773724
26.229787039796204,97.14810293934602,100.62681368734097
94.12043638333704,73.1924575886771,119.2299978732705
53.03205767317203,94.36297456536003,108.2440303659903
3.0361511989839656,82.77134302632837,82.82700912435031
48.42166949565111,60.509066795072265,77.49842089460009
97.73155850565912,66.96338919341831,118.47173933142994
60.90082478228802,32.94707173383565,69.24175037502633
73.97122916319107,92.46360212054076,118.41140342475043
5.680449870986301,61.00946338676031,61.27333949995899
67.32350752992298,14.745858449058645,68.91948206081696
1.0618720677371245,21.613699826129253,21.639768770997993
50.14937052368748,49.90930253918591,70.7523698816519
57.53509231035953,33.37476156147181,66.5143710520267
52.382858183170995,24.68494874682091,57.907776041490145
84.01367488376547,61.01507533111514,103.83225406942056
90.20304392668258,52.90258368064701,104.57185325758977
38.61900023165186,86.56103134391545,94.7852273627839
85.76892363372868,43.04085390249315,95.96261441803334
86.79239449030915,52.73004065131589,101.55479766338404
53.25077389944686,4.465748035414458,53.43770042213474
13.6214685361216,86.0608782974147,87.1321936967214
5.221327245132127,57.3251568993235,57.56245192599787
37.61389097879858,88.92540091574499,96.55325847733428
70.73173302584605,80.1234304071538,106.87722936645383
47.91387851632767,47.34247224156078,67.35762341725219
59.585499770289964,76.04036712252199,96.60522353891196
49.441645051077,21.773060335079425,54.02353581275198
60.03799358660971,44.97236487380214,75.01382723370526
38.667374383366074,56.63970713352122,68.58004276664202
70.92812980312385,52.51285618958675,88.25191024877029
34.251392033625585,54.25801639905846,64.16455563472412
61.44111963481802,76.80766052800095,98.35866966243827
25.790382353667813,41.81473376515785,49.128563807620225
66.60958714440847,90.9524120692745,112.73499173179397
69.7214865419275,96.92590322520698,119.39730483406386
81.1005137283173,56.43951007378686,98.8064351364124
6.598694447807308,84.21735958723303,84.47547824227357
91.39351393837639,41.483844153652434,100.36774240645609
38.7249909829193,25.84788197180569,46.558972594501896
40.55675711449449,55.309524349868376,68.58566928632236
36.27129176593319,17.141061948240797,40.11760973790539
75.55242394059287,5.384321382152975,75.74404055795664
83.1445363808122,97.03825058212209,127.78668164569781
76.95720473948501,79.21170513704006,110.43960155683463
98.89319705390938,55.643592197673286,113.47278870374305
11.537303209956029,13.473767213949616,17.738426319551724
39.9806551373226,52.798969820479684,66.22827190342086
17.745319526682813,31.56323051475645,36.209582787319206
23.389213684019417,94.92860516504356,97.7675579900483
97.99280118171876,16.13376118351024,99.31207043137508
72.99110605814282,97.57842914157382,121.857504476861
42.84603423566496,62.068202827916984,75.42045115226516
12.029941166045809,37.8157617943417,39.68313652604739
70.56364511240623,51.45687702378402,87.33291592859158
9.901549924593958,41.26288143477652,42.434255916766716
66.33135548303893,55.604953060673914,86.55495089881934
92.09144016708281,93.03361484202345,130.90487707729366
55.520960173843775,33.341156768632395,64.76271885348908
45.823340415340965,34.754696582477365,57.51232443016266
72.77669122352775,3.038295635638788,72.84008529521532
26.19088693093745,79.09383016031825,83.31744431785229
9.006133647721997,42.67937760597594,43.61925854612972
69.95884417796522,74.83260372295172,102.44099989102578
40.30866515386429,67.32957141580454,78.47330548359918
15.465522493165434,97.08352853196742,98.30764923546863
83.99437916618493,46.101958102741946,95.81464539630575
41.31958485478777,10.532793023549067,42.64091722100887
63.30657467621253,95.48353516183622,114.56364119665753
29.00863044745618,35.92313277478852,46.17328349589367
30.117039077754686,60.64675155629426,67.71310447130514
73.09594358514093,87.04628652870154,113.66649887736892
13.828007649529498,13.533288708588145,19.348480530146176
51.8776828453724,16.569493919034304,54.45954559246671
25.109302214621174,5.384560648402015,25.68015870436745
17.410417565628578,80.14420007454333,82.01350770085364
57.977540044969004,54.51948198858244,79.58498015310018
37.973499466082,76.63707271080878,85.5291036746108
59.431210234267475,17.25825174833881,61.88631515382652
68.57610271639646,71.09452877449156,98.77810428144876
3.5789917139448675,67.86533902756246,67.95964554803444
50.82272451460113,7.481907492001066,51.370499966477844
98.39165325620922,23.142499766678544,101.07666756448208
22.99787215077287,45.19552486626158,50.71033022373413
78.17909504504397,90.42084981377354,119.53200819490573
88.18962215498426,67.82611317285165,111.25552158870755
10.588981326794045,86.97437398766306,87.6165980627248
35.171688544268925,76.10706243313264,83.84111537459296
55.53940898951476,66.17731023275097,86.39480505531776
71.69903667406648,3.996752352023315,71.81034667339055
79.18379921506846,84.99325052841878,116.16336209631174
56.36146973275412,52.67618319996813,77.14528855965712
98.73240088066356,23.48994959917078,101.48824915147388
93.94993617363922,10.931729028327725,94.58378934352157
66.94143842519087,50.42817966599212,83.81024688460953
86.10532625601124,48.14560790131685,98.65154215642795
69.96861065962199,8.790241307827895,70.51861328676006
61.473992041161466,47.35801314298458,77.60047104449743
8.229136689453519,54.3139682858585,54.93383148489602
1.482697903777445,30.862698507572972,30.898293678506146
80.45665016224959,33.4750195034552,87.14269611440378
83.03961015437393,78.56195008278449,114.31341502815985
62.688575431077986,5.995410873833306,62.97461743531304
51.32208835351795,10.850421439248155,52.45653818520241
33.78660088322252,71.6626919016999,79.22799890089448
94.87371835317984,56.19515523098431,110.26748344635837
99.45205527356558,87.1806054711575,132.2541843135935
6.26876942891841,29.556729289055387,30.214197265845847
70.965995958314,70.02090364675381,99.69503262381441
81.85897179275628,55.528906986301344,98.91587725972295
43.09096322477246,74.72919832796899,86.26287842623624
98.05437346053537,37.19397466778942,104.87159723359945
23.618202555775103,46.1520323604172,51.844282066228075
52.063255940510366,85.2363047719603,99.87897812005083
59.417413210337486,47.23740918951736,75.90653344440047
19.39180132609962,53.86263094115868,57.24705206885664
91.46589101799785,82.78732316510613,123.36835127600587
47.61472117995787,41.09634332611334,62.89730604583084
2.556606714041181,90.80584542537655,90.84182847844741
41.968873387681185,57.930245707148956,71.53530387942631
45.625995097044914,66.43726937050408,80.59554696138296
53.722484213857555,48.67800430141563,72.4958854892939
6.623529650135137,12.217847794321344,13.897731820387895
86.4878739437719,71.26470609333796,112.06609957468682
92.43471439488303,84.11419732291658,124.97749644052782
56.50885116696194,6.757009065218449,56.91139983972719
38.24488033926313,37.47303861177217,53.54343559171305
8.746769365937611,16.7706794038714,18.914588602672303
12.212192964465563,96.93194082971903,97.69820269594263
81.32984095666149,14.205945382482511,82.56120102230786
66.75299732389108,28.188918905112143,72.46087082531095
82.45718581564532,16.66219350121256,84.1238146121995
17.974241163108296,32.96218742741955,37.54436236493986
71.38597658097007,7.393538891034542,71.76783450649773
96.45251276102964,34.48079234974254,102.43052405890857
7.213483967452467,61.086044055636904,61.51047983324391
64.26033691406101,94.24464845798897,114.06771963740906
90.13014348418929,29.609446146902304,94.86918396195288
12.073746289460727,31.13038169863383,33.389759121097335
45.25705910164777,59.259645995025046,74.56478419458965
55.43351795802929,28.476579660457926,62.320065006076184
9.09182912904761,48.30783015726679,49.155953977266414
39.47647096356566,43.767337044475454,58.940406782630504
69.12756192885556,65.07084649865659,94.93595147403059
48.996902273551214,25.939500330565018,55.43964384628847
13.34770325548345,32.477372057975906,35.11325786634783
95.1962113485116,39.65534460038561,103.12548186789635
10.999355499470713,69.17288047409228,70.04193896864074
26.301314211490624,46.40427053656328,53.33962367023331
21.196336713006097,92.22645104187984,94.6308774229183
81.94109055648356,38.70084012265872,90.62062319243579
93.8805830072868,48.57784775967482,105.70416812382666
68.5865353139461,20.23624526509103,71.50956893171777
61.13382224131407,91.56332190009041,110.09625851595578
33.294293558935344,76.11523400610136,83.07851004557155
22.266849295856648,98.39128965359689,100.87942534165424
91.00290920191536,60.898609511787,109.49963526734308
6.059519273934192,23.5335311211641,24.301128798102756
74.1128187260455,38.68124587553002,83.5999323086023
45.303803044769374,37.509465689280795,58.81661828611526
52.29699132051211,33.288448274834224,61.99270997241557
99.18378920240697,42.31721959497283,107.83399795424751
85.42151921476258,84.76247730167314,120.339160306505
79.85402459248498,70.47221801335397,106.50351522526796
76.96174737811512,13.324763097275957,78.10672103661334
54.39415106046735,28.634002458298678,61.47056015989114
49.07845047008171,22.279596481997,53.89874506836757
70.71098725868073,18.439406326366086,73.07568285528463
84.28497120924898,62.444718559944,104.89661218444829
88.92350826218797,8.52054669726129,89.3307899756608
60.57091504704411,66.68313862307596,90.08594078023829
21.916897891252816,87.02967741751283,89.74695072575973
94.61834321433673,56.480684774372406,110.19391373940779
1.7467278230297891,31.649129754407273,31.697294400296283
67.45511910144897,51.70886841047771,84.99411841582196
37.13355263845616,92.65515194098296,99.81922616790632
19.85188884754738,68.96595015965605,71.76628576315997
72.79085761120362,59.910884187869435,94.27525123778152
60.8368577573882,0.6900399454257365,60.840771008584106
79.96948758017403,53.26704332158638,96.08588266784757
50.43017844026047,86.14099428430102,99.81720189328337
20.499341131637486,71.43183012208858,74.31506806443876
69.82235928448365,75.90614533778074,103.13537102319367
8.132524096489256,15.024646406380489,17.08443583548314
94.79950742721226,87.55157276563892,129.0434984886067
37.52626054834466,20.081739639348662,42.561678746083736
49.30061664594029,36.42812938576742,61.29893483753349
81.44157183348396,3.0189120631160358,81.49750580694698
22.049168132837256,80.19354729532064,83.16953073786671
50.989158175192465,43.66730420991953,67.13216597411746
17.807885817153497,48.95749351088213,52.09565210403688
69.32656129768397,41.09978232013665,80.5938223943011
70.181109388317,33.149522623956564,77.61622874870386
54.17067104508208,2.4140401181192566,54.224433525546246
39.9568018970104,93.37316881287963,101.56325453625169
89.81896841769063,76.43812660922735,117.9416562845646
44.72288566871637,10.492806831894702,45.93729963492121
79.8467329761176,88.5465716275466,119.23085218999177
42.89608665153987,85.92251143321275,96.03516137856484
51.897411394308946,64.6225838953111,82.88196220370672
10.99257166210994,21.39766743412393,24.056117795022338
41.1189481552006,11.421172027414627,42.675649589313494
94.32136053962185,15.108087626283586,95.52367960756536
39.506720543233826,1.0981169345184023,39.52197906080931
96.19988504978937,82.15030148931564,126.50331979192539
17.60070432387228,48.8838847324743,51.95593305132928
93.44111934054466,7.276434742784327,93.72400592260186
71.02694630649877,18.94786512019456,73.51087466653723
29.996931508168636,47.61646428586824,56.27738063372465
9.86816365569427,80.75732833105107,81.35801578888677
45.64878959270805,51.71419481731417,68.97948924776448
43.179716499759046,85.22394661621558,95.53852099463926
46.88682499425464,94.0675046348747,105.1050416786656
53.601948607288925,73.05667959081435,90.6115187342832
22.512929925610955,30.77706022821435,38.1321314658203
96.26986090879029,65.2191876015921,116.28167762295784
19.297510614568214,84.5938071495322,86.76696447364986
8.559196115727334,89.4304515409015,89.83910897241253
2.1628748631319827,37.106939887186385,37.16992084286476
36.27626015527731,5.7352231624305805,36.72682719179865
20.555213327865257,19.015966013387168,28.002209883799267
31.958210194117108,35.98432038706207,48.12690009267272
5.696379240129709,7.223143342805357,9.199050831368096
42.813848220808154,88.35754669793315,98.18391751173831
18.592366301831724,0.9781036626386261,18.618076470902007
76.06560155375003,65.1368408614973,100.1438154713005
73.30974572729868,98.1145462562555,122.4776837047145
71.90398341101414,35.82172319794763,80.33292403019932
70.8486687589271,73.76029190953392,102.2747013072726
19.818251096585367,41.004502452332105,45.54264263183041
28.05544271694753,59.233589918346134,65.54178850671319
81.51468913541181,36.28311168554492,89.22504546610526
67.97170276746623,29.17216892744541,73.96734290915273
23.149913611734682,88.1430220918662,91.13238087374867
67.07831021978299,56.88129219592662,87.94874134301085
73.5325838689261,95.34303993102661,120.40488426027403
14.08212280029598,18.956170642468212,23.614457181756045
68.87769724374857,62.53409188174253,93.03037044468708
36.40943637291464,89.33551847372348,96.47010893516348
71.41234165926716,48.53835615763392,86.34636390575588
95.47375389658295,53.669298072402434,109.52456910981056
11.102415740006983,53.96712455307056,55.097315431793824
79.7729696541264,62.28983512830603,101.21141362390765
27.484390498162558,7.277976980694971,28.43168426222784
78.57315896939843,5.731216354911033,78.78190243537635
3.4304888155962505,52.102784083735145,52.215595015189244
17.168646413913596,5.994348898884833,18.185011366714896
63.59999130180392,11.643888498155656,64.65708803330858
68.07297680050694,8.091326169272518,68.55216794281498
11.28790595428241,44.915168891935245,46.311869077200846
71.87562000780055,75.73797672375426,104.4142991630633
99.80907657642209,63.16988321820208,118.11979475447534
95.7042614086788,78.43396072056863,123.73840085477276
0.5483715066381619,47.40602869325735,47.409200243995166
67.94864604458432,41.33493418270022,79.53361102817075
9.437341568505708,0.7522309974982715,9.467273491044981
26.859127144868857,1.43562430174663,26.89746694616422
15.551244734837981,38.25063106077005,41.291064279695824
41.84033759067654,61.12375269172525,74.07244422064774
45.258419471768896,68.4273318020713,82.04038195080119
64.75623803865192,86.09985282419186,107.73372276713567
56.03554062393623,20.024556694985595,59.50600544354746
29.826981297216836,96.72738434310712,101.22171553161746
53.89363176893836,34.04841975980166,63.74808572330289
55.08590442768428,25.509912357976564,60.70595106847114
31.289291544593162,6.433521872757733,31.94385651498268
46.42323735234808,84.03154003312022,96.0021702182317
58.53539890582281,31.447040792929034,66.44779379103527
28.288122277617585,54.13309872869292,61.07872166281691
32.54260068177972,54.86987571727653,63.79438941132004
29.11978325273722,51.99632769385117,59.59513294164843
38.96527173176073,97.38197744662376,104.88823543441224
48.01048774537002,71.90234390240231,86.4578162586105
8.830592618649327,6.486939582975745,10.95717806507321
37.20293137535302,20.592187816154034,42.52171565182888
54.70295375729762,58.405075348851035,80.02228424806435
81.8545122960946,60.83367125696366,101.98478681564141
77.64709042308306,38.0305070121357,86.46033839148757
43.07983979637232,64.07791846087939,77.21303148536659
10.036284975047277,69.28045406232133,70.00363084284825
73.94884147554262,15.915517175811695,75.64214990696979
70.54887962358755,68.86341927799887,98.58658595773014
27.078445547605963,90.06301963028699,94.04567889169667
8.087971623525654,94.14338203239366,94.49016703065023
77.89030752147362,29.26057196471731,83.20505439870904
7.968963711987437,23.132354597225582,24.46651204922263
53.96556319843996,96.13761303156883,110.24845872270728
91.79093705899784,69.96777083641332,115.41691852577661
41.523123597209455,79.10530768454947,89.34102919228306
34.055031259938225,47.665135936385575,58.58080178650243
88.22413464882074,30.44824771364409,93.33056157210608
30.0604800522938,1.4126862063198073,30.09365619681131
46.854606619357725,94.32801478974862,105.32392195332358
65.24093573130007,69.44829648974498,95.28612480536268
55.411899896084336,57.561375861659585,79.8986272797031
42.153103256239014,7.397765113462965,42.79732518283261
76.8756961006628,71.66295223205827,105.0973423716115
45.60017243153827,64.23527359566957,78.77528863607259
68.50161994065374,19.690617444150135,71.27546807861482
32.04053682707126,75.29661271380354,81.83016489253477
43.79723850600772,12.17493882392038,45.45797219540627
26.574658239562368,38.475101895253786,46.760516746499945
70.71258462798889,58.21936510956113,91.59565545663656
59.03263608027017,64.1980065934373,87.21373844272836
1.0665916872008776,34.7686359351481,34.78499191631468
28.560377260337933,20.512728182218087,35.163435081493276
32.69168292680021,72.3280017765896,79.37308091274264
38.63294331692319,92.72838702696883,100.45425859540212
38.03959349338701,13.768084134329962,40.454552449287085
33.19397542621615,59.812545773341746,68.40599854168012
32.41426489869902,27.223977122226668,42.33000707860267
43.31814290968898,1.1989476286870837,43.33473180441494
92.8736171963909,8.091047534700374,93.22539257815188
42.00004681683555,59.26311203292813,72.63690783922294
45.65647467271703,73.27432524860984,86.33446832047738
26.68040402173618,38.46665605610847,46.813754249173634
17.260116533010535,73.29941655107477,75.30415718578276
54.96069866163802,93.72632875567973,108.65221166360645
79.08629039875944,83.66130327040355,115.12538813806165
96.39483328179898,42.71168124260388,105.43363598963862
61.02413800648864,13.973535656318312,62.60355515602425
85.23281124919994,15.568276159461321,86.64296472316143
5.281115924045073,17.23008098563547,18.021261780873154
49.37642134831009,87.96887019863424,100.87890319184686
1.2503164123229689,37.654418936380715,37.675171619614304
10.470574325481232,11.964787865174014,15.89934197896385
35.87200886526514,84.59685424862258,91.88813181685845
69.05875547170231,63.43191868556102,93.76950471998879
51.563713974251144,72.38198449705486,88.87051411210736
46.114274780431515,9.064314186403557,46.996682119006856
87.57702325170432,93.36223305305444,128.00875580319658
2.439583547067046,19.55201834434578,19.70362883381521
16.69239778868403,88.2928157827811,89.8568720955041
25.41252970384526,50.250798307871996,56.31109479070042
82.77126041111119,78.26510711518783,113.91447907002782
43.19562316959545,85.76737907362896,96.03075119027893
90.32281413596777,96.35279579719126,132.06843684762768
43.64375476392173,52.97655227549934,68.63885503774124
3.840804119539252,13.191672569454887,13.739432355973744
89.68841157293227,54.1760279993792,104.78097718701238
69.11494470897264,94.72565186838898,117.25964652861431
33.90107924541658,30.319620630030336,45.48145302376537
57.240996818937845,0.2382526423699145,57.241492653033156
42.49808326383246,23.679669349857154,48.64991080791619
55.427951583268865,14.950248492005281,57.408777610134706
44.10085482852597,57.46958605200579,72.44058750172876
33.32770165010011,60.81728994006156,69.35040340857145
25.567966150185384,64.27009589809195,69.16911246941775
55.62919287586439,96.6168819196082,111.48734893200948
94.91750389133867,1.165342328596468,94.9246573220315
23.255465012411957,4.321442748203245,23.65357309941809
77.01601494369379,33.22116872679639,83.87557814633256
90.78113373809438,28.345123008382583,95.10341866165547
51.904518877087945,35.32763101834981,62.78630896326563
44.15537507045649,8.008144700313599,44.87568973457513
97.79430901076083,23.491981585366368,100.57633953221487
80.53964418756516,31.255682988454605,86.39185149615888
45.113033625314074,30.879669707282392,54.66936806027277
96.19241695128807,23.58498497982,99.04157003717573
33.41366696186824,9.186958655065494,34.653619568070056
33.41372426386145,50.269951852667354,60.36178450353218
99.9802014968491,49.50631451668026,111.56574684182873
55.18597086863632,28.489036015244185,62.10568857835695
88.76410064712294,23.03417345005105,91.70408229855207
35.256365432079065,84.78172760662426,91.82021912108537
80.10246332912739,87.42244268423794,118.57102561871119
94.26963322978138,97.77474763074234,135.81850029923336
55.332439697036975,69.57591042455864,88.89592900820848
59.49142086004634,17.90027187059869,62.12607253793293
33.26729942774384,80.52172049877329,87.12324995830753
83.69637192077963,58.180023163468746,101.93133849804597
89.59152303609129,17.57353458164965,91.29879581691597
56.68184882465972,81.28975749514281,99.10023541748377
15.869113011844162,29.314710173355717,33.334381355149326
83.63044814723241,39.84645025062118,92.63795903884194
69.7049378447215,23.835946284046315,73.66770456035961
46.60032516091609,89.14070755711076,100.58655998136854
76.22713211872616,13.951149471697164,77.49329159757875
59.88811592792253,97.97457060610321,114.82858056619263
33.02405855192646,72.81829053479933,79.95681259061989
99.37295474945923,36.65083313388274,105.91632407257055
71.35578401171588,23.9182388417881,75.25775748199962
81.68160656708363,0.9320864623188027,81.68692451398252
15.242057487261178,89.6228609266677,90.90972179654821
69.95294086292047,80.60865255961018,106.72941863819553
85.3537367656195,34.30178567519863,91.98843884076916
20.924003980228438,3.7162068497662744,21.251450207335623
18.07741605067379,80.5158259565331,82.52024721564938
95.4014278301477,74.3109877252597,120.92789309640095
50.282034393064734,83.74788825737005,97.6831191674093
14.251707291824795,96.16265154530534,97.21299662573759
82.64205580897357,89.46273803567752,121.79199844478192
93.36907401210433,33.9120380962215,99.33685272705893
75.13329893038974,51.93287432537159,91.33474718779345
22.836010135432677,99.05042693095294,101.64876012086734
9.777092803116513,28.7058457077147,30.32518955383256
32.30909368383701,88.64746503995046,94.35173868392779
37.81105570722582,10.807663684020987,39.32532934384454
59.45215850710365,77.75915469354484,97.88281406768203
74.26577169140921,39.36879070964366,84.05537773908486
75.0266847458313,2.5924745342324638,75.07146160932928
69.1074055515127,17.97411882015593,71.40659948087664
24.711836168052873,63.895910116676035,68.50811759518012
64.70796839073748,10.482358344045855,65.55151416794023
90.16519904686297,24.653313818598548,93.47485758961454
78.01868242595387,41.002114145546145,88.1367583468228
25.203919089372263,44.923863425570175,51.51107689170267
83.72646685295373,21.1390638005259,86.35381444986356
20.57397985560865,30.426945010852727,36.729928257382234
21.822767015668706,44.25792361245991,49.34568839023826
81.65636897170081,30.09872077220639,87.02698194103822
54.57483240436001,1.370226562020298,54.59203103746232
51.26308437042558,4.482501153653907,51.45868863235712
34.57427240477052,3.8146300802907676,34.78407271969076
87.77316783644322,68.38266372381723,111.26687597847393
73.67919221761188,82.176932105749,110.37060992924104
41.13580337266726,45.770846840032426,61.53961926733419
35.503038957443835,22.96319208573882,42.28207617868726
51.17649432271594,44.54003421018994,67.8442939281401
35.17399685218205,98.47016886246031,104.56378058562515
70.60478262824365,58.43102858428496,91.64726090505413
84.04818063186114,7.307541137392965,84.36525840060379
28.169781172515723,11.604268682354313,30.466303073390616
50.54974794672098,37.13890606854135,62.726193583262805
22.469559721370544,52.70436387503775,57.29425002166117
45.06279423868635,12.941621218728129,46.88433623682027
23.270961695862372,58.30360874195432,62.776177412973986
62.79958181799261,90.1253263586586,109.8469932577559
81.04202564075574,22.6801051465,84.15579058753596
92.31950842914063,56.20082630958988,108.08063894370193
82.75076939342114,38.20649627342742,91.14508320636165
4.023929933501939,20.34397148811333,20.738109557500678
90.00234196911191,89.73964590947406,127.09691423430684
37.09295168315297,29.858623931004924,47.6174809037805
57.120284048801985,56.001970078301376,79.99342161994812
75.73415663957418,27.662135431935535,80.62788735023572
63.78295762085487,20.593044834695352,67.02491460962514
2.869204174787056,74.84587025544232,74.90084530157934
27.171880698666406,80.70808607191124,85.15929930485333
35.03034874951347,48.689463944647855,59.98157411013572
30.247303342091104,15.681203949574156,34.07050802052437
12.678562678863027,60.27279268156818,61.59184596387055
19.39277906431836,44.09444189042618,48.17052714539914
82.16205075064094,42.65629031428759,92.57516776613308
30.489721395056403,44.10717339135785,53.61964057435918
64.90149149716466,78.29962937783324,101.70071562807502
10.925372572093206,27.82947143787789,29.897211347393384
41.992985669669594,7.307920188265461,42.624130993266405
27.35280394675016,24.633238888051576,36.8099489522217
54.11884416370754,66.6278016618854,85.83771460093284
74.3144899945872,97.1293932868792,122.29784324931023
11.211229231287323,51.7690294448758,52.96908598929085
23.60956200327288,55.091939361532845,59.937744373651554
63.00679232940953,80.47221344180335,102.20387965172601
21.328973380090027,30.062429378438186,36.860205718120625
24.250217499474925,16.001169538367858,29.053579389938022
78.06794155419936,35.47128288806819,85.74855921958833
5.021047947013312,5.909031501816428,7.754197300537658
51.34612330288148,37.4017841038452,63.52415156761526
79.29612767222298,56.55476938912857,97.39772997594453
25.30411613311196,40.90907972143907,48.10250613983719
10.790905200610457,99.85834667242928,100.43969850213425
74.95948827991621,66.93666450362517,100.49597971092064
41.77665933248039,14.555131157107189,44.23958756569407
71.95816695278724,75.12955320008875,104.03089711835695
50.44750450142281,46.12286714447367,68.35400196073266
11.133822833954858,24.291629328829867,26.721625443583367
5.323476643937923,81.34800585378464,81.52200598590501
57.47446145771852,25.762368109842903,62.98423080805085
10.253844317265743,96.26224215491447,96.80682097855562
49.26538652373222,97.09807606813585,108.88119527937884
30.75296493533861,17.05577776396146,35.165955232977936
29.65215656386595,26.292781080266412,39.6303006022265
76.03022989971689,98.21426195861886,124.20401406830622
7.2646952891575465,81.85872477532443,82.18045156536085
20.800538002303753,88.18296677132258,90.60296910023129
55.42721054723542,35.78337525526288,65.97443151484161
42.82510198667429,54.591534570852225,69.38461650084699
33.73388453786172,45.98942292854631,57.03509434825621
45.98775616253826,27.301084495957145,53.481052079409096
68.2616501198009,74.83313731982174,101.28993690493351
12.418584651250985,35.88173050388651,37.96998589272619
86.42205386212414,1.5432452859393437,86.4358316889498
95.8890167964032,48.80229660970628,107.59352999396685
72.18399587737301,28.84512763149245,77.73397358235133
90.34439848505343,86.04348985282968,124.76214363211353
64.7711719430251,15.539320129118439,66.6091223853621
14.57959821842851,71.01191790711863,72.49315256669529
26.92279886346498,84.59014181291771,88.77121825553662
3.3185571484540324,60.68921431244007,60.77987788247716
22.54971491787285,81.65243955448554,84.70897548711265
80.88143222643126,84.70615519460944,117.11933575141234
49.340866972579875,51.38774850490017,71.24059130866821
13.272086640050707,57.729772991050865,59.23575755723294
42.63759924002932,96.47575804510102,105.477660001207
96.47560086329126,57.48267034836953,112.30226601592867
32.25855483292408,43.81810680100607,54.41177118540751
72.96280849885984,33.54694470171864,80.30547255860874
11.218817588126383,20.418453073118528,23.297534074978778
37.52449163425294,63.4138450378007,73.68448422081354
58.99671441701175,2.1175201187306802,59.034703382465395
96.00861347936855,65.31987333175913,116.12208969144436
52.810952275638044,0.436856262511909,52.812759099045515
51.519436433725204,47.831467162236805,70.30008237079663
46.44731054672464,52.67963243379519,70.23173307261928
40.63224986946231,43.528279766230504,59.54570403363833
57.35458259437499,11.776399707761732,58.55110361600329
13.731004012551786,58.235600900142785,59.83248017083551
23.356756215132293,48.336185225619815,53.68356231714274
43.01586734950797,58.97324055506853,72.99457476687185
36.843773612214605,18.32112859624561,41.14762942173327
58.06743365839071,80.96737886146028,99.63705782171034
40.24802854200613,51.31322462321242,65.21465190239378
82.22828759381304,76.21159048725742,112.1146636493561
27.47183113485965,91.1280963039498,95.17894432007635
36.673476438702956,11.667988695440195,38.48487799509076
11.624461548239928,69.53597890917793,70.50092530700675
79.00922091646287,98.04880914369087,125.92071300752055
41.35519664603895,57.67700354934104,70.97104358865839
1.3020363853512174,22.324337646974154,22.362275155379113
1.7655357030097503,38.99367598167908,39.03362502872079
13.781376634337706,70.97872201414937,72.30425520465141
56.96424742349434,13.531046022390392,58.54925013170645
44.47938445554001,0.925432044795616,44.4890106207507
77.98531726042503,10.705119025248457,78.71663916576904
98.78301197618507,65.14401493192537,118.32931224569016
71.50166792348497,36.698685943084676,80.36965886321455
86.41622676543186,24.389428246579918,89.79202892556562
31.23480863611127,89.00161757924567,94.32338629553534
78.77315608665025,40.111126944129644,88.39746955982307
70.65443945543198,32.1644632189666,77.63119546242709
81.01496245064075,25.437431552882995,84.91458687932443
3.2416404097187552,61.17797349559581,61.26379578163391
35.0912751717387,97.71886288622548,103.82857871008164
42.72242996684836,49.59812352901985,65.46128535151273
75.86782426110521,54.61547919346149,93.48142770435938
35.650099504812225,32.2848008696622,48.09613250456583
80.23860303112745,38.33869285814522,88.92743551040955
39.94072399222194,84.60402152605428,93.55801350714918
33.87217609008527,74.05023540823031,81.42948898950594
34.329552416924194,74.64860279425709,82.1640558168906
27.86082929721993,60.88736745950342,66.95892267112296
79.06556712026399,19.641711102546182,81.46877143473354
79.36066919137765,53.3280744386442,95.61380307171582
94.83462661050253,86.45848055495816,128.3303364922944
52.80976862518129,5.072124574834176,53.05278607149505
81.31011828044244,46.97051998562649,93.90189072909915
16.591114380485557,40.28504700000352,43.56776432385357
72.6316560293087,65.05884054244461,97.50902619905015
83.99605513293832,12.528012974147641,84.92519288748201
83.6154766981934,94.72943643980112,126.35352813304598
35.89789665861587,40.76327544325654,54.31669733493989
86.28364721970453,85.4848385094282,121.4599744463889
76.73117380209001,63.717605914369656,99.73768764366586
51.35684288803446,9.982210404822562,52.31796857669842
31.579196369231614,13.219259680708426,34.23440476819328
33.49114905089827,40.93472862476129,52.88959323281222
50.248192736188656,31.82630833695726,59.47936428386098
10.644998475417843,21.37686723682391,23.880670957961872
81.83692974690152,54.15133854064438,98.13078281631495
89.69982052584555,75.92283354699279,117.51737937927852
91.23409330824182,84.75669053341078,124.52853637601841
68.15956004514311,93.36930177829298,115.60083105286662
61.18981672576453,56.754258596731816,83.45801063886773
77.69070849690482,43.5858677196836,89.08183906739238
64.31398626038218,40.890079863889916,76.21212147667799
24.304026343033442,59.00230694972753,63.811894830609205
94.16709281284326,24.071758685322493,97.19511785592441
73.93258795975031,80.89966883391448,109.59372235608775
81.14282875181125,1.174194173181459,81.15132401755439
76.85012615372158,57.18522290605081,95.79191828467388
96.1593552765934,12.008566536004722,96.90628089788486
80.94874408571538,95.76548351575539,125.39428616193426
6.498139238826276,24.69472505373547,25.535372702327336
78.70474591517802,15.665326815388193,80.24861054127761
46.45902974466569,55.93313876502527,72.71146716249991
51.080015117590264,40.42276481148108,65.13960284970705
65.4914684105223,37.31930253575337,75.37813195033112
25.402966263002757,93.333356005751,96.72862057455131
86.21518396499836,83.7525075634509,120.19792206724878
81.30670167992695,35.68186238296422,88.79175097488185
58.5477240347333,95.17178568130444,111.73855547399667
44.20920210454786,8.321314844700614,44.98552913399368
68.64836163794868,74.70531066756355,101.45679374744586
44.23065081815609,96.31891372878778,105.98907308629185
80.29194739496197,80.01424024405455,113.3537624356096
54.55335895657237,46.89400474784339,71.93828365158147
89.51397835505271,88.42047884861519,125.82103719476824
44.301680842597555,82.0659611477908,93.26017855757132
80.17440000315047,66.65991212815814,104.26638145058521
64.07585744360908,1.9327292927081658,64.10499941231265
25.83832791014026,66.69246890919877,71.52275580817881
88.2741218311727,92.37353004233036,127.77006549871543
63.30375019713716,72.8167368900394,96.48648589483797
84.61649240640361,31.378582546648143,90.24725053872706
36.699678914199595,71.27342091361251,80.16711895243787
51.87964454636119,70.45617679947959,87.49611629927531
37.53852387100577,9.590961331187838,38.744384285602095
99.66406228717969,42.7996608000072,108.4653690178506
99.66708890719633,11.920682767861463,100.37744412410075
81.25033803011465,28.44307120711384,86.08499131498384
7.098158708389405,34.77886512918379,35.495821116343265
23.09319116092413,88.34251621769957,91.31098318203291
62.432132391791605,68.49268635490918,92.67696174939141
2.1042099486477674,68.35006726703865,68.38244946560994
63.76943961417715,99.68243474731379,118.33481831590674
40.47635203457468,75.24044567234043,85.43687575631046
78.46872386653169,85.32900795084639,115.9240278075154
95.1540089984687,36.23955164719597,101.82136579358207
90.64927501225017,44.23595221481276,100.86679596674894
97.02485296887737,43.91344419026729,106.4998247617525
54.55877066832527,97.53504115588957,111.7575219397781
20.001898419268777,89.17592618473334,91.39158468524198
21.674665046421133,19.900891592169735,29.425101376849017
58.51524315279837,79.11757774035569,98.40541036311134
6.824298540235841,5.946701027931818,9.05175693895226
79.46664449438995,47.68925136757286,92.67800323268357
40.23434921384992,70.98837460900587,81.59750110322359
7.02730843512387,73.84538505674631,74.17899944068735
80.47676791215747,20.224104426095113,82.97906105412893
77.18028910321738,16.74471989712392,78.97583599107611
56.52258399037936,97.94795625438675,113.0867129036862
97.80303650401164,59.14977471631409,114.29842430408105
43.39341901837639,88.39132864552785,98.46834919823782
77.52433017023255,3.569029980741513,77.6064413779337
77.74116602396036,44.29131376428553,89.47295328607052
22.654487926521288,90.62263478400489,93.41138987515404
55.60219428288589,92.24296465640994,107.70500702230831
19.91500773024219,20.278192628804593,28.422044774901597
73.03850669762474,81.61806173653459,109.52685269945331
97.83363813117299,30.182246395889887,102.38353748275898
73.71727963837907,45.519377973363234,86.63862353687807
68.84154013752988,1.1446670837578004,68.85105599219068
32.89135630149065,23.880389757010658,40.64620934722386
84.67652857706966,53.57252361382741,100.20044799409527
34.80078844379302,87.43725471146938,94.1082801234196
66.68147262820632,98.0961671847667,118.6139823469726
10.791683287849873,8.763975139832027,13.902074968753839
76.79231677914849,43.552160854114135,88.28278785455137
73.21915178291717,81.58468834113022,109.62255953739272
83.68992717951782,5.82111005534049,83.8921285556004
71.73169435137818,17.720392532589646,73.88807945824955
59.24809718822346,93.18128734238466,110.42232261281788
60.070287577015215,25.86092613631094,65.40051184977865
13.888491036192642,17.940853486364503,22.688420109862225
63.62288502176163,91.93886101556123,111.80619689145583
72.41688014549668,52.41861216832585,89.3975135653145
2.475344217954911,54.994127114266426,55.04980786576331
22.17880943662906,97.89871800185283,100.37957249576533
22.822372582703004,37.550301079167966,43.94184567630127
44.23619226896707,67.30989167610657,80.54478396461327
87.20684625367142,44.906249976511376,98.08978193708258
87.45513013861947,29.978653258485785,92.45063244107845
96.95650590074594,91.44504451192601,133.27700552709575
67.60067248533944,91.27383142502038,113.58152677030348
80.35860168773792,83.52486909283915,115.90473942934531
67.79828138329738,65.17760651305134,94.0464106135844
42.09914775011723,2.0879431809164206,42.15089261229157
61.542688646201114,41.097658082337674,74.00351360344985
4.481606905036453,69.84398325766796,69.98761888897687
12.915455782813822,7.355744654456829,14.863242496151006
95.38027481168713,94.15460540951173,134.02420133309437
91.15237700790328,46.116226740158844,102.15411006386711
31.522187857550875,90.1698014637697,95.52089521849328
61.19215491736777,31.295660585516632,68.7306205043647
44.709300068835525,67.3038606145849,80.80056414575736
67.82790472966983,5.1569196476934085,68.0236611795479
56.246883656356175,76.05403807294181,94.5934914687694
56.490316810348325,83.47068174468038,100.78943696764676
55.19429333001168,60.293627229365775,81.74185892596944
24.788011015982946,31.504076925988915,40.086810213424556
20.266481139105597,70.88794721110804,73.72809042397995
98.9460612116589,8.889073281166596,99.34454516026182
37.649904122096196,37.221660021880446,52.94305672311988
11.677085765278887,87.06120433687416,87.84080846939328
31.465594629312026,73.92981693728953,80.3473800304486
48.30695778813344,81.63545643379783,94.85731346553628
82.4522708955353,63.73778978200741,104.21555940513925
86.09439187739804,74.49310718143386,113.84844017501325
5.614493649771928,51.9338088224766,52.23641486312855
30.381454465955457,3.9667190653690687,30.6393151948683
80.6638784299803,44.97046775609194,92.35260826619
7.030029992360437,30.328527809649426,31.13263433752701
29.042282063199377,52.13187723484867,59.67567989950148
18.33892188047975,87.12824283499816,89.03733349136613
77.98856282173108,93.71781743273944,121.92311198191824
33.062120192830655,94.02808949604973,99.67138709741286
50.052676568332274,13.889076702453897,51.94397831607362
9.037134432158702,66.578804379803,67.18933688755222
34.25221505619322,21.03752983946654,40.196914035808206
37.924527516974585,39.0439122860122,54.430661156958
24.875371088898863,38.02952653709286,45.44258988488525
46.15687032652883,18.522693728861118,49.73476511770402
1.6997731034118604,64.58824490712392,64.61060755623416
25.270646443966985,3.1568388564717598,25.467061143008063
18.640840936606658,79.33718843853825,81.49767125603036
1.802955966563744,42.35811581306733,42.396469492760744
40.72310372880174,53.84936711116557,67.51389127860892
23.11841107034926,10.180580756615187,25.26074335722547
24.127774533893064,28.20891371929742,37.11997194477853
10.721686046236368,66.3429261227829,67.20370821768014
38.276507174316535,38.1358669769671,54.03179944764412
32.09260604206918,54.17290239823526,62.96537712759432
71.31599669954694,8.918393014607771,71.8714763951096
3.4459361278878387,56.329821173898786,56.435124074293476
29.98597288032177,4.56807941088947,30.331929036637035
45.73151091753267,43.00908764895216,62.778600742575165
41.85973240228676,67.35456913457105,79.30242858888224
95.06203003997662,93.61954457201709,133.4219197927886
46.55304163666529,63.256269162160734,78.54006158605186
89.59874922337123,6.30838786015006,89.82055232399017
23.888640581223232,59.54871987962319,64.16164888873023
20.042224883896587,80.4244286183114,82.88413296209684
99.91405698908589,79.91026981845255,127.93932158049061
44.72815318647746,14.2903377437826,46.95552619558609
90.58642171329619,62.55339298802393,110.08554297969057
1.3471169063064556,36.90275711863789,36.92733685112476
80.91154553454179,92.31494213291575,122.75474223748674
74.78948925394434,2.89631830699878,74.84555005209937
76.99373756833695,24.954589442789242,80.93680966655475
89.3182980778482,50.141466202615575,102.43009813756589
94.80510496049766,78.98230699422541,123.39454098419851
81.83530465442477,22.824588195438793,84.95868945654635
91.85256024646174,18.14220261799803,93.62709191074119
74.85586128612546,51.12142382138866,90.64656608175349
62.71506730182646,31.271397212378282,70.07909781302098
35.04230051976321,6.5336041590706015,35.64618926371824
43.10677366380382,72.73831627544743,84.5520939438488
26.48679314759324,41.15568767109131,48.94221939107185
15.328649085185623,67.32374443105995,69.0467526173059
32.85325619959687,44.39664370951489,55.23041205337833
27.547241960450407,35.69500146005845,45.08862017029546
39.454984290660754,8.427500068532092,40.34499402381162
7.376050912621743,42.28730924728484,42.925780720227905
69.29905654582342,38.76300077451995,79.40358598442936
14.955251151492481,27.46187311280416,31.270017778504272
90.78067425698195,73.13123283197022,116.57318745782027
60.16889720195078,90.6481745713608,108.7997598509244
82.86501167952403,42.62673697569442,93.18609802885132
40.22170545524392,46.17827363858235,61.23902796393969
39.87158108255487,60.06759795091983,72.09618090867293
67.11667742302602,91.92916400020168,113.82275511549747
62.4957222682645,5.7746000994615105,62.761941558087194
32.893435663171985,27.95177214853254,43.165723392186
6.288947415785835,73.96001842818274,74.22691685295604
43.49139250748979,92.13666801554963,101.88555744190707
99.96733978569895,64.67492382985519,119.06433049501837
84.32118382432431,23.30059010509985,87.48130966544436
7.534947861033474,40.64081814866686,41.333419155224774
13.049117877739274,3.93869061161588,13.630581833552293
13.951504657680161,95.6784788916522,96.69030874515607
64.8670136312069,28.051670915476763,70.67266585166706
7.05992444894855,46.24507495377351,46.780866716051676
52.74269007590938,27.494730245724536,59.479000897195554
45.43277491338685,55.139410412223384,71.44572497314365
37.86292582719647,29.049791276931433,47.723071207007024
40.38727668331333,93.20318080136937,101.57738443860057
80.6980920741583,38.06823003245562,89.2265218542855
49.345147676893774,4.482778447917322,49.54834913362469
17.854335752579363,30.66412737503294,35.483320205951394
89.17513503812278,44.67211195071015,99.73867000920062
53.25598153156733,95.48668144610384,109.3339192679031
72.84099572682756,65.58578435434094,98.01686471138436
71.6298374580972,33.26749479202946,78.9782237329451
5.446598652552497,51.95243653118563,52.23716204397841
34.56452229588186,6.232902153590082,35.122005506501786
14.77002240343122,43.00865360653068,45.474144817076045
64.05808671575515,85.47944865679193,106.81841890026426
96.3834820704959,5.146004351029354,96.5207593050035
32.61594956800734,70.01237135842716,77.23685849031607
18.370481412213458,80.87097314510021,82.93122985192008
10.717191529043829,4.676075302799914,11.692898464780411
6.406223459790309,81.68633465837226,81.93715255570184
99.48320311684236,21.447797018432848,101.76893287900198
8.889847391346644,27.712574446613004,29.103542208818855
15.608501071602392,29.589805536385043,33.45417608286439
71.25481081104664,18.21720389606877,73.5466830082023
68.93950869569036,28.696177445690317,74.67346556306137
18.35086879473569,90.38570565947401,92.229768367283
33.12072484159466,91.41663864192886,97.23160100821967
72.17095923933269,79.17704744721571,107.1338051223052
59.641590417315754,26.24505341269127,65.16074075808122
5.712388875017196,50.01475160983941,50.33991224916223
89.75447462188123,39.122904558577446,97.91050697320223
83.7399604232312,2.1454924722514743,83.76744062959554
54.34909977150063,15.665317843874028,56.56170815244292
10.894988995044743,46.58701029846504,47.84402066874641
92.93700903320429,22.34678295270548,95.58591086751868
73.5266320211041,7.234678697496183,73.88170404249523
15.325154143798452,90.44905743140411,91.73817275137228
45.61488838916815,70.62033421567295,84.07109876461479
91.04112658758612,94.57120477306516,131.2714725390323
64.67092454126409,23.095848087145885,68.67129443869828
63.40398696590406,85.43960196020814,106.39544701861698
76.53612497316072,71.91676673289861,105.02285352827464
27.20186976800286,20.14516790028665,33.849217252487946
48.393551441098644,15.129923132890783,50.703554067633604
65.50319908303702,59.5483915039659,88.5250248281331
77.52342481821209,45.82874895181506,90.05640247108182
